step,elapsed_tokens,elapsed_examples,training_loss,training_sequence_accuracy,training_token_accuracy,validation_loss,validation_sequence_accuracy,validation_token_accuracy
1,11552,32,0.043562030812464944,0.0625,0.9011703511053316,0.08962119428785653,0.0,0.7425742574257426
2,25152,64,0.04634683666742604,0.03125,0.8304278922345484,,,
3,44384,96,0.03124472792133928,0.03125,0.8263772954924875,,,
4,73344,128,0.02675851855885342,0.03125,0.803921568627451,,,
5,88992,160,0.04737004966463118,0.03125,0.8203125,,,
6,106176,192,0.037906041603744056,0.0,0.8245315161839863,,,
7,145888,224,0.0184303466880962,0.0,0.8167202572347267,,,
8,165632,256,0.03422628230368981,0.0,0.8269841269841269,,,
9,198432,288,0.02258659616395991,0.0,0.7897435897435897,0.03336734564935476,0.0,0.7258064516129032
10,233536,320,0.020180298044532547,0.03125,0.821256038647343,,,
11,247392,352,0.05828343951424628,0.0,0.8165266106442577,,,
12,277120,384,0.03028441353585617,0.0,0.7869507323568575,,,
13,305056,416,0.026888222084490536,0.03125,0.8120184899845917,,,
14,317376,448,0.04826010841706458,0.0,0.8535433070866142,,,
15,339680,480,0.029069840835374148,0.0,0.8160919540229885,,,
16,352768,512,0.05215508238454502,0.0,0.8488023952095808,,,
17,371488,544,0.043830514914966444,0.0,0.7959183673469388,0.07229100914785468,0.0,0.7096385542168675
18,407104,576,0.021312543247075873,0.03125,0.7759856630824373,,,
19,422496,608,0.053824121480618096,0.03125,0.7903225806451613,,,
20,441984,640,0.049918518611862035,0.0,0.780281690140845,,,
21,470432,672,0.026473773350132467,0.0,0.7972136222910217,,,
22,497856,704,0.02977931520069061,0.03125,0.8011958146487295,,,
23,518880,736,0.03611912948498631,0.03125,0.8017366136034733,,,
24,540416,768,0.03338980790569949,0.0625,0.7901639344262295,,,
25,558368,800,0.044574788495284956,0.03125,0.7886056971514243,0.040595716075451455,0.0,0.7279635258358662
26,577344,832,0.05264228557618901,0.0,0.7607192254495159,,,
27,598624,864,0.039676053117536754,0.0,0.8070652173913043,,,
28,612736,896,0.07188935149267647,0.0,0.7467811158798283,,,
29,650912,928,0.022804724322388052,0.0,0.7916083916083916,,,
30,677056,960,0.03963991447108858,0.03125,0.7163461538461539,,,
31,709856,992,0.024031344203219628,0.0,0.8171262699564587,,,
32,726784,1024,0.04781265659913227,0.0,0.7840909090909091,,,
33,742432,1056,0.04996690863758383,0.0,0.7783687943262412,0.059397135371698474,0.0,0.7178729689807977
34,766528,1088,0.037911021478055834,0.0,0.8138364779874214,,,
35,810336,1120,0.016981344571659195,0.0,0.7836456558773425,,,
36,825728,1152,0.05244746199937421,0.0,0.8078541374474053,,,
37,852128,1184,0.028640073519223194,0.0,0.7823834196891192,,,
38,864448,1216,0.060664647780464154,0.0,0.802013422818792,,,
39,889312,1248,0.034881913842987965,0.0,0.7837078651685393,,,
40,920576,1280,0.02239456519461061,0.0,0.7872340425531915,,,
41,929056,1312,0.1060606893842112,0.03125,0.7536,0.05693680692041535,0.0,0.7100494233937397
42,938048,1344,0.07396237689638337,0.0,0.8009950248756219,,,
43,958048,1376,0.03723528067529612,0.03125,0.7942664418212478,,,
44,970880,1408,0.07293086551165508,0.0,0.7135506003430532,,,
45,990624,1440,0.04609760977545089,0.0,0.7736131934032984,,,
46,1020608,1472,0.036311816502064706,0.0,0.7235543018335684,,,
47,1029856,1504,0.08354062630558207,0.0,0.7814029363784666,,,
48,1067008,1536,0.020785278284138807,0.03125,0.8286908077994429,,,
49,1076000,1568,0.08695234031755184,0.0,0.7987987987987988,0.07049083546841099,0.0,0.7112375533428165
50,1095488,1600,0.05207657568069488,0.03125,0.7373887240356083,,,
51,1124960,1632,0.02833497825632782,0.0,0.7901907356948229,,,
52,1133440,1664,0.09764154223650788,0.0,0.7836065573770492,,,
53,1183392,1696,0.01587839369896785,0.03125,0.8074074074074075,,,
54,1193920,1728,0.08721609317624002,0.0,0.8026490066225166,,,
55,1258720,1760,0.016479120598720507,0.0,0.7454798331015299,,,
56,1284608,1792,0.03356656112174179,0.03125,0.7803468208092486,,,
57,1301792,1824,0.04907104878257638,0.0,0.7580128205128205,0.06726205998931004,0.0,0.6060606060606061
58,1324096,1856,0.043835110545106575,0.0,0.803921568627451,,,
59,1365344,1888,0.01909744769793171,0.0,0.7938144329896907,,,
60,1382784,1920,0.046051463352765346,0.03125,0.7786624203821656,,,
61,1393312,1952,0.07103332007848907,0.0,0.762906309751434,,,
62,1412800,1984,0.040949503343231886,0.0,0.7704402515723271,,,
63,1438432,2016,0.03740523763346712,0.0,0.7211221122112211,,,
64,1468160,2048,0.027289093710067578,0.0,0.7744,,,
65,1516576,2080,0.020528527703782058,0.03125,0.7613469985358712,0.07016941438949367,0.0,0.6957295373665481
66,1527104,2112,0.08333730889608774,0.0,0.7269681742043551,,,
67,1547104,2144,0.03928353252441332,0.0,0.7951807228915663,,,
68,1559680,2176,0.06124368083157361,0.0,0.7512864493996569,,,
69,1572256,2208,0.07128137446315642,0.0,0.7160068846815835,,,
70,1616832,2240,0.01931951189577684,0.0,0.7717908082408875,,,
71,1643744,2272,0.02720620111348487,0.0,0.7800369685767098,,,
72,1664000,2304,0.03758251994801462,0.0,0.8068181818181818,,,
73,1685536,2336,0.05465855651295668,0.0,0.7512135922330098,0.15641630105638388,0.0,0.6295081967213115
74,1702464,2368,0.058901794584965916,0.0,0.7432216905901117,,,
75,1715040,2400,0.0803335704460555,0.03125,0.7349397590361446,,,
76,1726848,2432,0.0759669709337407,0.0,0.7821917808219178,,,
77,1737632,2464,0.062487666874034585,0.0,0.7980456026058632,,,
78,1749952,2496,0.06128647855336483,0.0625,0.7711038961038961,,,
79,1761760,2528,0.0716826126429745,0.0,0.7606299212598425,,,
80,1786880,2560,0.029732918526278504,0.0625,0.7710622710622711,,,
81,1798944,2592,0.08025562564579282,0.0,0.7366818873668188,0.08427640351855516,0.0,0.706953642384106
82,1808960,2624,0.07175233914230722,0.0,0.7841269841269841,,,
83,1823328,2656,0.06679929433779722,0.0,0.7719546742209632,,,
84,1834368,2688,0.07847362206081404,0.0625,0.7755102040816326,,,
85,1871008,2720,0.021322532025214124,0.03125,0.8064516129032258,,,
86,1882304,2752,0.0819320938257795,0.0,0.7546875,,,
87,1897184,2784,0.05651642257764924,0.0,0.7602040816326531,,,
88,1953024,2816,0.012104715150235727,0.0,0.8021778584392014,,,
89,1970208,2848,0.06221564616224233,0.03125,0.745269286754003,0.028467119513137747,0.0,0.6846473029045643
90,1996352,2880,0.03547295076160181,0.0,0.7598684210526315,,,
91,2012768,2912,0.05418800388809356,0.0,0.8061911170928667,,,
92,2025856,2944,0.061149545357505206,0.0,0.8068181818181818,,,
93,2037664,2976,0.08552094440976069,0.0625,0.7382352941176471,,,
94,2059200,3008,0.0313170660031942,0.03125,0.8464912280701754,,,
95,2092256,3040,0.024891114104827805,0.0,0.7215686274509804,,,
96,2155776,3072,0.018106874899916584,0.0,0.71045197740113,,,
97,2181408,3104,0.046334955471575866,0.03125,0.7076719576719577,0.0434829825939057,0.0,0.763986013986014
98,2199104,3136,0.051696217968445535,0.0,0.7515151515151515,,,
99,2231136,3168,0.023747382059267422,0.0,0.7988252569750367,,,
100,2265984,3200,0.025813878883678535,0.0,0.7608695652173914,,,
101,2278560,3232,0.08167832952700595,0.0,0.7452966714905933,,,
102,2305216,3264,0.03028733056160641,0.0625,0.7978560490045942,,,
103,2324960,3296,0.038191578924730255,0.03125,0.7931596091205212,,,
104,2358784,3328,0.026364828567031613,0.0,0.771689497716895,,,
105,2371104,3360,0.06577679223137162,0.0,0.7429643527204502,0.029252897757608313,0.0,0.7300509337860781
106,2390848,3392,0.04368358457477309,0.0,0.7654516640253566,,,
107,2411104,3424,0.042788186516610795,0.03125,0.7598627787307033,,,
108,2456448,3456,0.022617355265900023,0.0,0.714859437751004,,,
109,2494368,3488,0.02086922925241772,0.0,0.7849117174959872,,,
110,2511040,3520,0.055316859185008525,0.0,0.7473200612557427,,,
111,2525152,3552,0.04701385566999552,0.03125,0.8207705192629816,,,
112,2566144,3584,0.027276848835402157,0.0,0.6775244299674267,,,
113,2580768,3616,0.05998804748170915,0.0,0.7776203966005666,0.060716903199807125,0.0,0.6464088397790055
114,2607168,3648,0.03602340952513977,0.0,0.7142857142857143,,,
115,2637152,3680,0.027691722399299873,0.03125,0.7980769230769231,,,
116,2654080,3712,0.05463678291655916,0.0,0.7093023255813954,,,
117,2699680,3744,0.02002725707481006,0.0,0.7421383647798742,,,
118,2722752,3776,0.039413497653895777,0.03125,0.7601957585644372,,,
119,2736864,3808,0.05310803035673469,0.0,0.8031496062992126,,,
120,2753024,3840,0.046145247970595625,0.0,0.7877280265339967,,,
121,2766624,3872,0.05764020047085423,0.0,0.8023088023088023,0.08107694956728399,0.0,0.6570644718792867
122,2791488,3904,0.03346144052610673,0.0,0.7961165048543689,,,
123,2809440,3936,0.052581796794255134,0.0,0.753822629969419,,,
124,2819712,3968,0.08195715591531097,0.0,0.7837837837837838,,,
125,2835104,4000,0.058099953987807956,0.0,0.7781954887218046,,,
126,2858944,4032,0.02994451213093812,0.0625,0.8240997229916898,,,
127,2872800,4064,0.0565706835656815,0.0,0.8287671232876712,,,
128,2886144,4096,0.057036900168353735,0.03125,0.8305084745762712,,,
129,2901536,4128,0.047662404615646935,0.0,0.7509090909090909,0.0742165533606716,0.0,0.8222222222222222
130,2935104,4160,0.02266847485085503,0.0,0.768270944741533,,,
131,2947168,4192,0.08411531368660352,0.03125,0.7567567567567568,,,
132,2969728,4224,0.036212369693778085,0.0,0.7443478260869565,,,
133,3017376,4256,0.019135851570492805,0.0,0.7585089141004863,,,
134,3031488,4288,0.053501650034666864,0.0,0.7844036697247706,,,
135,3045600,4320,0.05179227822088112,0.03125,0.8154859967051071,,,
136,3054848,4352,0.08312592990400833,0.0,0.7302158273381295,,,
137,3096864,4384,0.021315330683765246,0.0,0.7247706422018348,0.0776774961998346,0.03125,0.7430555555555556
138,3130176,4416,0.02429181638311212,0.0,0.7586837294332724,,,
139,3137888,4448,0.12037749665619292,0.03125,0.7462462462462462,,,
140,3152000,4480,0.06237872517607988,0.0,0.7635467980295566,,,
141,3179424,4512,0.02830909034831041,0.0,0.7597864768683275,,,
142,3230656,4544,0.016340865672625313,0.0,0.801994301994302,,,
143,3244000,4576,0.0707385183429006,0.0,0.7319587628865979,,,
144,3294976,4608,0.02344407981084814,0.0,0.6940874035989717,,,
145,3320096,4640,0.03027660959757779,0.0625,0.8013698630136986,0.0824161676710849,0.0,0.7170731707317073
146,3342400,4672,0.03953904543601439,0.0,0.7666151468315301,,,
147,3364960,4704,0.035279135719090374,0.0,0.7677100494233937,,,
148,3380096,4736,0.07184376580179606,0.0,0.7425876010781671,,,
149,3393184,4768,0.05981846201755877,0.0,0.7829457364341085,,,
150,3410624,4800,0.04565064018811415,0.03125,0.7495769881556683,,,
151,3430112,4832,0.04092984342981178,0.03125,0.7543554006968641,,,
152,3445760,4864,0.06744220418940726,0.0,0.6981981981981982,,,
153,3457056,4896,0.06186436512646096,0.0,0.7986348122866894,0.10905648617741492,0.0,0.6365105008077544
154,3472960,4928,0.057287491083873265,0.03125,0.7412199630314233,,,
155,3485280,4960,0.06679563065328159,0.0,0.796373779637378,,,
156,3500160,4992,0.04894609677678451,0.0,0.792778649921507,,,
157,3536800,5024,0.026743651254970534,0.03125,0.7798833819241983,,,
158,3554496,5056,0.04609851975246956,0.0,0.7485714285714286,,,
159,3566816,5088,0.06573250699892395,0.0,0.7744479495268138,,,
160,3619328,5120,0.016216254275436617,0.03125,0.7512864493996569,,,
161,3648032,5152,0.029190536862005633,0.0,0.722735674676525,0.033207586322955375,0.0,0.7165605095541401
162,3659328,5184,0.09696513779796656,0.0,0.6873156342182891,,,
163,3672672,5216,0.06862426175015207,0.0,0.7706821480406386,,,
164,3693696,5248,0.050825915430173896,0.0,0.6826446280991736,,,
165,3714720,5280,0.05099772099386921,0.0,0.7009966777408638,,,
166,3725760,5312,0.08780859989130986,0.03125,0.7279521674140508,,,
167,3742688,5344,0.04780631679147006,0.03125,0.7414965986394558,,,
168,3770368,5376,0.03545357582536936,0.0,0.7196110210696921,,,
169,3790368,5408,0.04089122655035546,0.03125,0.7976190476190477,0.07772170142827083,0.0,0.685064935064935
170,3832128,5440,0.02553469838330885,0.03125,0.7694174757281553,,,
171,3857504,5472,0.04069133207713722,0.0,0.7759815242494227,,,
172,3897216,5504,0.024451311101542732,0.0,0.768033946251768,,,
173,3909280,5536,0.07714436498130686,0.0,0.7591463414634146,,,
174,3924672,5568,0.05258642553668351,0.03125,0.7650085763293311,,,
175,3947232,5600,0.038910740604501746,0.0,0.7486725663716814,,,
176,3968256,5632,0.038911880978912856,0.03125,0.759170653907496,,,
177,4007968,5664,0.027062113360840984,0.0,0.7318116975748931,0.03822795349902211,0.0,0.7126917712691772
178,4025920,5696,0.04080822896784706,0.0,0.8128,,,
179,4037216,5728,0.0748235950050628,0.0,0.798941798941799,,,
180,4051584,5760,0.0672582591614644,0.03125,0.730593607305936,,,
181,4066976,5792,0.06893388012848081,0.0,0.7428571428571429,,,
182,4088256,5824,0.045063922137037936,0.0,0.7521739130434782,,,
183,4099808,5856,0.08465756740122873,0.0,0.7739463601532567,,,
184,4126976,5888,0.0396046108466331,0.0,0.7280966767371602,,,
185,4135712,5920,0.1103658690962975,0.0,0.7440476190476191,0.054492083423868416,0.0,0.6985294117647058
186,4158016,5952,0.04400491216619006,0.0,0.7645536869340233,,,
187,4193376,5984,0.021407641505703276,0.0,0.7781456953642384,,,
188,4210560,6016,0.0487015006464139,0.0,0.7647058823529411,,,
189,4241824,6048,0.02544909380983787,0.03125,0.7956698240866035,,,
190,4266432,6080,0.0361974040747912,0.03125,0.7512116316639742,,,
191,4283360,6112,0.057367168529971486,0.0,0.710806697108067,,,
192,4301568,6144,0.04868418594945342,0.0,0.7879213483146067,,,
193,4317728,6176,0.06405832070201353,0.03125,0.7145110410094637,0.057174509479225845,0.0,0.7060869565217391
194,4343872,6208,0.03279246343919949,0.0,0.7767857142857143,,,
195,4353120,6240,0.09775577864581374,0.0,0.7480438184663537,,,
196,4374912,6272,0.036690182351667044,0.0,0.7744107744107744,,,
197,4400032,6304,0.03381976174532995,0.0,0.7730829420970265,,,
198,4411328,6336,0.06610842568733342,0.0,0.7737478411053541,,,
199,4436704,6368,0.040630578874597485,0.0625,0.721875,,,
200,4459776,6400,0.040389435689275506,0.0,0.7401032702237521,,,
201,4470816,6432,0.08698038742303377,0.0,0.7700394218134035,0.028073391542231547,0.0,0.7076101468624834
202,4483136,6464,0.06812272528122192,0.0,0.8195804195804196,,,
203,4493408,6496,0.08731509274707494,0.03125,0.7658959537572254,,,
204,4521856,6528,0.031213816481909597,0.0,0.7334494773519163,,,
205,4545440,6560,0.04303376488736703,0.0,0.7197080291970803,,,
206,4561856,6592,0.04861803883445654,0.0,0.8170212765957446,,,
207,4580576,6624,0.04884485243225096,0.0,0.7438423645320197,,,
208,4608256,6656,0.030493925040146343,0.0,0.7717206132879046,,,
209,4632608,6688,0.035649216228093396,0.0,0.7450628366247756,0.060816506064064906,0.0,0.659432387312187
210,4673856,6720,0.02600205995907022,0.0,0.7541613316261203,,,
211,4691296,6752,0.05204595495757226,0.0,0.7606060606060606,,,
212,4712320,6784,0.04316427978422189,0.0,0.7465224111282844,,,
213,4724128,6816,0.09430614155195913,0.0,0.6634920634920635,,,
214,4760512,6848,0.019648530765271042,0.0,0.8503144654088051,,,
215,4772576,6880,0.08374958921765598,0.0,0.7536023054755043,,,
216,4807168,6912,0.022466393613539123,0.0,0.7710196779964222,,,
217,4819744,6944,0.06896522832820022,0.0,0.7293497363796133,0.045117937475737245,0.0,0.6622516556291391
218,4833600,6976,0.05951961172089763,0.03125,0.7772511848341233,,,
219,4869216,7008,0.0235002225377239,0.03125,0.7697160883280757,,,
220,4882560,7040,0.06438869058477169,0.0,0.745674740484429,,,
221,4900000,7072,0.06460506741990896,0.0,0.7352941176470589,,,
222,4934080,7104,0.024808085242400107,0.0,0.7724957555178268,,,
223,4960224,7136,0.03107414645366183,0.0,0.7923664122137405,,,
224,4977152,7168,0.0488311102846652,0.0,0.7881996974281392,,,
225,5000992,7200,0.0340554946322688,0.0,0.7849462365591398,0.07158852763088484,0.0,0.659375
226,5016640,7232,0.0539531645228031,0.0,0.7555178268251274,,,
227,5035872,7264,0.042331426603270605,0.03125,0.7691056910569106,,,
228,5053312,7296,0.05435913603317751,0.0,0.741042345276873,,,
229,5063328,7328,0.08355101394516784,0.0,0.765793528505393,,,
230,5077184,7360,0.06573693828552815,0.0,0.7592319054652881,,,
231,5087968,7392,0.08196567271658532,0.0625,0.7048300536672629,,,
232,5108480,7424,0.04654824593967057,0.0,0.7824377457404981,,,
233,5121056,7456,0.061190402163987696,0.0,0.8044692737430168,0.08765929987512192,0.0,0.6079632465543645
234,5160000,7488,0.023145555649373185,0.0,0.7159309021113244,,,
235,5172064,7520,0.07591088161817902,0.03125,0.7637130801687764,,,
236,5207424,7552,0.02491612799492363,0.0,0.7682403433476395,,,
237,5221024,7584,0.061472616546435065,0.0,0.7376760563380281,,,
238,5234624,7616,0.0494046807717068,0.0,0.8198757763975155,,,
239,5245152,7648,0.0862604547665939,0.0,0.7484177215189873,,,
240,5257216,7680,0.07374101935541465,0.0,0.726643598615917,,,
241,5290016,7712,0.025901159220067048,0.03125,0.7738693467336684,0.04399877453540209,0.0,0.7572815533980582
242,5305408,7744,0.0545433699979168,0.0,0.7647058823529411,,,
243,5323104,7776,0.04556662963392976,0.03125,0.768581081081081,,,
244,5373056,7808,0.017632501242428877,0.0,0.718213058419244,,,
245,5391776,7840,0.047907903381441824,0.0,0.7536443148688047,,,
246,5408192,7872,0.05788734692935303,0.0,0.7671033478893741,,,
247,5443552,7904,0.022389010762262917,0.0,0.7918032786885246,,,
248,5466112,7936,0.04622459285039176,0.0,0.7863247863247863,,,
249,5499424,7968,0.031003952419023515,0.0,0.7192982456140351,0.07485632491001269,0.0,0.6605960264900662
250,5536576,8000,0.024946602184474264,0.0,0.7597955706984668,,,
251,5551200,8032,0.053096280698321355,0.0,0.7539267015706806,,,
252,5569664,8064,0.04659254007234845,0.0,0.7651888341543513,,,
253,5579680,8096,0.07313435431708946,0.0,0.7684021543985637,,,
254,5599680,8128,0.04982086241707503,0.0,0.7489878542510121,,,
255,5619936,8160,0.039917216883753645,0.03125,0.7737909516380655,,,
256,5671680,8192,0.018074985115601756,0.0,0.7531645569620253,,,
257,5681440,8224,0.08923700927732707,0.03125,0.7264653641207816,0.029929166170642816,0.0,0.710820895522388
258,5716288,8256,0.033273959312868015,0.0,0.6853252647503782,,,
259,5730656,8288,0.07458051670328769,0.0,0.7039473684210527,,,
260,5745536,8320,0.055589826311281,0.0,0.7461139896373057,,,
261,5758368,8352,0.0670578860341414,0.0,0.7145454545454546,,,
262,5785280,8384,0.03243094093895509,0.0,0.7837837837837838,,,
263,5816032,8416,0.025991187678492535,0.0,0.7618270799347472,,,
264,5830912,8448,0.07701979498992421,0.0,0.7313829787234043,,,
265,5849120,8480,0.050791244150054995,0.0,0.7580174927113703,0.03177474745651844,0.0,0.6494252873563219
266,5868864,8512,0.03976023538147988,0.0,0.7822085889570553,,,
267,5882208,8544,0.053501489830662226,0.0,0.8115264797507789,,,
268,5895040,8576,0.06977712754117871,0.0,0.7401709401709402,,,
269,5912992,8608,0.045511014303699644,0.0,0.7140221402214022,,,
270,5931200,8640,0.04549993969220703,0.03125,0.7693548387096775,,,
271,5946336,8672,0.058311901895861315,0.0,0.7351524879614767,,,
272,5963008,8704,0.05100137126437763,0.0,0.7588424437299035,,,
273,5986080,8736,0.03536958127488543,0.0625,0.8020378457059679,0.0347512855771143,0.0,0.7177814029363785
274,5998912,8768,0.07533165486809464,0.0,0.7451298701298701,,,
275,6015328,8800,0.047936340540034636,0.0,0.7884615384615384,,,
276,6032000,8832,0.04071909763425967,0.0,0.8431372549019608,,,
277,6051488,8864,0.05126414030194209,0.0,0.7158218125960062,,,
278,6078400,8896,0.03056712592997907,0.0,0.7513043478260869,,,
279,6087392,8928,0.09857556695351496,0.0,0.7658321060382917,,,
280,6105344,8960,0.055428161375029115,0.03125,0.766016713091922,,,
281,6122272,8992,0.04842712980666495,0.0,0.7601351351351351,0.05490845150519776,0.0,0.7649082568807339
282,6146880,9024,0.036661029567277605,0.0,0.7508090614886731,,,
283,6166112,9056,0.04395601875335546,0.0,0.7935578330893118,,,
284,6177664,9088,0.08126899965191171,0.0,0.7774834437086092,,,
285,6189984,9120,0.0667761260892941,0.0,0.7809667673716012,,,
286,6202816,9152,0.077952744099518,0.03125,0.6966292134831461,,,
287,6219232,9184,0.051874724935853045,0.0,0.8042609853528628,,,
288,6235392,9216,0.060931123960054116,0.0,0.7507042253521127,,,
289,6250784,9248,0.04649209367643739,0.03125,0.8205882352941176,0.03327461036337057,0.0,0.7038917089678511
290,6272832,9280,0.038903841452183195,0.0,0.808041504539559,,,
291,6288480,9312,0.04905171191635087,0.0,0.8247863247863247,,,
292,6309504,9344,0.043901971323817124,0.0,0.7601809954751131,,,
293,6331040,9376,0.04595292216168218,0.0,0.759825327510917,,,
294,6344896,9408,0.06633016093829476,0.0,0.7691197691197691,,,
295,6357728,9440,0.07356447314968848,0.03125,0.7741935483870968,,,
296,6369024,9472,0.06982056462101904,0.0,0.8050974512743628,,,
297,6383904,9504,0.057387013668494566,0.03125,0.7857142857142857,0.04761621046729037,0.0,0.7274368231046932
298,6424384,9536,0.020548970170454747,0.0,0.7851373182552503,,,
299,6434656,9568,0.08236865316589018,0.0,0.7268041237113402,,,
300,6458496,9600,0.03497781116098963,0.0,0.7380497131931166,,,
301,6497696,9632,0.01723628577873563,0.0,0.8164665523156089,,,
302,6515648,9664,0.039118271777679535,0.0,0.7587476979742173,,,
303,6534368,9696,0.05154647857013714,0.0,0.7395104895104895,,,
304,6560256,9728,0.03182584254054911,0.03125,0.7785714285714286,,,
305,6583072,9760,0.045972871203040305,0.0,0.7309941520467836,0.06602875999021299,0.03125,0.6690265486725664
306,6601792,9792,0.042214862925559385,0.0,0.7579831932773109,,,
307,6626656,9824,0.034504745659686066,0.0,0.7903225806451613,,,
308,6659456,9856,0.018923649021269043,0.0625,0.8253968253968254,,,
309,6672544,9888,0.07558835279657634,0.0,0.7418856259659969,,,
310,6691264,9920,0.04815572262610812,0.0,0.7712519319938176,,,
311,6709984,9952,0.04749862863846897,0.0,0.7475035663338089,,,
312,6727424,9984,0.047261355551440114,0.0,0.8221092757306226,,,
313,6754080,10016,0.031653269391077044,0.0,0.7913769123783032,0.05398951977747278,0.0,0.7013422818791947
314,6769472,10048,0.05126233379133516,0.0,0.7810945273631841,,,
315,6782560,10080,0.06927494564925656,0.0,0.7725988700564972,,,
316,6802560,10112,0.05437077778137833,0.0,0.7309352517985611,,,
317,6824096,10144,0.03825435552885334,0.0,0.762987012987013,,,
318,6838208,10176,0.07904457090982193,0.0,0.6894502228826151,,,
319,6858464,10208,0.04090174488122843,0.0,0.7589743589743589,,,
320,6871296,10240,0.06081472763620832,0.03125,0.8090379008746356,,,
321,6888736,10272,0.04940040583930976,0.03125,0.7553366174055829,0.09160098635636155,0.0,0.7661623108665749
322,6902592,10304,0.05949448369232598,0.0,0.7767441860465116,,,
323,6921312,10336,0.04669021641659289,0.0625,0.7823691460055097,,,
324,6949248,10368,0.040623656237619876,0.03125,0.6821086261980831,,,
325,6975904,10400,0.03681676702001338,0.0,0.7549295774647887,,,
326,7025344,10432,0.01668657980086379,0.0,0.7910906298003072,,,
327,7039712,10464,0.058639462716343446,0.0,0.754180602006689,,,
328,7054080,10496,0.05549051986817123,0.0,0.7396768402154399,,,
329,7067680,10528,0.0641367334934751,0.03125,0.7193675889328063,0.10779878772282406,0.0,0.7159940209267563
330,7080000,10560,0.0927847854669494,0.0,0.6962962962962963,,,
331,7121760,10592,0.027297691171910176,0.0,0.6993464052287581,,,
332,7142272,10624,0.031072206291570325,0.0,0.8196428571428571,,,
333,7162528,10656,0.04269510715240755,0.0,0.7729257641921398,,,
334,7197120,10688,0.02680641606929565,0.0,0.7681818181818182,,,
335,7211488,10720,0.0581909262215824,0.0,0.7666151468315301,,,
336,7225344,10752,0.061375346332208765,0.0,0.7611202635914333,,,
337,7256608,10784,0.02944739813173706,0.0,0.7381756756756757,0.05363693377636383,0.0,0.7552816901408451
338,7273536,10816,0.045916210127711084,0.0,0.7948717948717948,,,
339,7298144,10848,0.03367015633277595,0.0,0.7934621099554234,,,
340,7315584,10880,0.056609979873277295,0.0,0.7391952309985097,,,
341,7334304,10912,0.03898361206321834,0.03125,0.8189102564102564,,,
342,7351488,10944,0.0408839263217233,0.0,0.809748427672956,,,
343,7365856,10976,0.05464534691255377,0.0,0.7616666666666667,,,
344,7375104,11008,0.11658921206557725,0.0,0.7054380664652568,,,
345,7385376,11040,0.08096582644159797,0.03125,0.783410138248848,0.09842688370654058,0.0,0.7815656565656566
346,7406656,11072,0.046394138056790137,0.0,0.7431192660550459,,,
347,7421280,11104,0.055938487957396164,0.0,0.7728658536585366,,,
348,7435392,11136,0.05910616036253298,0.0,0.7645211930926217,,,
349,7443616,11168,0.07671368133472266,0.0,0.843108504398827,,,
350,7465664,11200,0.029668643748250408,0.0,0.834658187599364,,,
351,7495136,11232,0.028551961858327018,0.0625,0.8066759388038943,,,
352,7521792,11264,0.04112917659286989,0.0,0.7090352220520674,,,
353,7566112,11296,0.01875913184695087,0.0,0.7917981072555205,0.07155776356092747,0.0,0.64
354,7580224,11328,0.04860248031982279,0.0,0.7993366500829188,,,
355,7603552,11360,0.0404510110379567,0.0,0.7580645161290323,,,
356,7622784,11392,0.04174476144640398,0.0,0.7947214076246334,,,
357,7637920,11424,0.06416052844781764,0.0,0.7470588235294118,,,
358,7650240,11456,0.060279588843957906,0.0,0.81421647819063,,,
359,7662816,11488,0.06068470569263049,0.0,0.7973568281938326,,,
360,7695104,11520,0.030953735527011295,0.0,0.7008547008547008,,,
361,7712288,11552,0.05152384808578106,0.0,0.7661927330173776,0.11181184081328017,0.0,0.638235294117647
362,7738432,11584,0.028912233918110885,0.0,0.8125937031484258,,,
363,7752544,11616,0.05833492417271742,0.0,0.7536231884057971,,,
364,7762304,11648,0.09091771464869304,0.0,0.7852941176470588,,,
365,7776416,11680,0.06335640820940194,0.0,0.7565217391304347,,,
366,7793344,11712,0.054569260966485664,0.0,0.7299382716049383,,,
367,7808992,11744,0.04968077099027184,0.0,0.7750865051903114,,,
368,7835136,11776,0.03448914889355921,0.0625,0.7295208655332303,,,
369,7851808,11808,0.045148116550045476,0.0,0.7996987951807228,0.09392642295134622,0.0,0.6881720430107527
370,7879744,11840,0.029639040791813644,0.03125,0.7768313458262351,,,
371,7901280,11872,0.0435515757980503,0.0,0.7924773022049286,,,
372,7925376,11904,0.036325332991074204,0.0,0.774390243902439,,,
373,7949216,11936,0.04873127196202588,0.0,0.6841243862520459,,,
374,7960768,11968,0.06218935772057288,0.0,0.7926829268292683,,,
375,7974112,12000,0.05895849707531701,0.03125,0.7856115107913669,,,
376,8034816,12032,0.012957709500928479,0.0,0.7718120805369127,,,
377,8049952,12064,0.06106428398536887,0.0,0.7908745247148289,0.042648955377717596,0.0,0.782608695652174
378,8075840,12096,0.029512977395430108,0.0,0.8293010752688172,,,
379,8096864,12128,0.047264168321844914,0.0,0.7683956574185766,,,
380,8136832,12160,0.023067311207094727,0.03125,0.762987012987013,,,
381,8149920,12192,0.059164156698860486,0.0,0.7796352583586627,,,
382,8177600,12224,0.02929007090303514,0.0,0.7806354009077155,,,
383,8190944,12256,0.060196567408445936,0.0625,0.7665562913907285,,,
384,8217088,12288,0.03729990219215247,0.0,0.7507645259938838,,,
385,8232736,12320,0.04657269651104069,0.0,0.8102643856920684,0.04947685082777901,0.0,0.7346938775510204
386,8257344,12352,0.0344870505824302,0.03125,0.8002699055330634,,,
387,8282976,12384,0.03237058539875209,0.0,0.7768729641693811,,,
388,8295296,12416,0.07232961015478588,0.0,0.7581395348837209,,,
389,8323488,12448,0.0323502212124134,0.0,0.7622820919175911,,,
390,8334528,12480,0.06958771281790545,0.0,0.766721044045677,,,
391,8359648,12512,0.0497085780554379,0.0,0.7164556962025317,,,
392,8373760,12544,0.05539474883267198,0.0,0.8159771754636234,,,
393,8387360,12576,0.06404313965882004,0.0,0.7504159733777038,0.13055395881478066,0.0,0.6699857752489331
394,8406080,12608,0.05242239237619666,0.0,0.7389240506329114,,,
395,8434016,12640,0.04259834531376285,0.03125,0.7320261437908496,,,
396,8453248,12672,0.04506751329149749,0.0,0.7731811697574893,,,
397,8502176,12704,0.014851028018195347,0.03125,0.826783114992722,,,
398,8513472,12736,0.06451398723811635,0.0,0.839622641509434,,,
399,8539104,12768,0.039038070206082326,0.03125,0.779874213836478,,,
400,8573184,12800,0.02629317855052471,0.0625,0.7745398773006135,,,
401,8583968,12832,0.06062534930759288,0.0,0.845821325648415,0.045301742110510065,0.0,0.7209876543209877
402,8595520,12864,0.05925983415050307,0.0,0.7777777777777778,,,
403,8610144,12896,0.06033297758611619,0.0,0.7681818181818182,,,
404,8636544,12928,0.0327525027326963,0.0,0.7972222222222223,,,
405,8664736,12960,0.023414186010421452,0.0,0.82996632996633,,,
406,8679616,12992,0.043556753278183535,0.03125,0.8375634517766497,,,
407,8691424,13024,0.06310301149008983,0.0,0.7960526315789473,,,
408,8710656,13056,0.03991445289101364,0.0,0.8076923076923077,,,
409,8742688,13088,0.02345548447246472,0.0,0.7976973684210527,0.05198765996824958,0.0,0.7123966942148761
410,8763712,13120,0.04194203427750675,0.0,0.75,,,
411,8777824,13152,0.055966480372079595,0.0,0.780952380952381,,,
412,8796800,13184,0.04581950731876118,0.0,0.7746077032810271,,,
413,8818080,13216,0.042818628303960896,0.0,0.7719546742209632,,,
414,8830144,13248,0.07584375337615336,0.0,0.7305863708399366,,,
415,8842976,13280,0.05497008917561163,0.0,0.82574568288854,,,
416,8855296,13312,0.07147486366189316,0.0,0.7808219178082192,,,
417,8869408,13344,0.05473451288123128,0.0625,0.7722602739726028,0.06702677003284364,0.0,0.6976047904191617
418,8923200,13376,0.01743565030176409,0.0,0.7423728813559322,,,
419,8969056,13408,0.020892336853566666,0.0,0.7787234042553192,,,
420,8988032,13440,0.03698373444525339,0.03125,0.8119122257053292,,,
421,9024160,13472,0.026592448589712228,0.0,0.753934191702432,,,
422,9046208,13504,0.03712935698931926,0.0,0.775206611570248,,,
423,9064160,13536,0.053901624552539225,0.0,0.7842639593908629,,,
424,9077760,13568,0.05151102298724412,0.0,0.8186195826645265,,,
425,9100064,13600,0.04215523616600914,0.03125,0.7445141065830722,0.07317878449104635,0.03125,0.7553366174055829
426,9121344,13632,0.03434287363080006,0.0,0.7980456026058632,,,
427,9134944,13664,0.05437416464405017,0.0625,0.7735849056603774,,,
428,9163136,13696,0.03135217156967161,0.0,0.7670807453416149,,,
429,9179296,13728,0.056411343410674934,0.03125,0.736318407960199,,,
430,9199296,13760,0.038527157636695016,0.0,0.7682119205298014,,,
431,9213920,13792,0.04584257750228305,0.0,0.8236173393124065,,,
432,9238016,13824,0.032464274696132285,0.0,0.8539682539682539,,,
433,9252384,13856,0.052776272554877615,0.03125,0.80623973727422,0.06347118465851694,0.0,0.7156862745098039
434,9271104,13888,0.04784932836576276,0.0,0.7586206896551724,,,
435,9292128,13920,0.038864728120272765,0.03125,0.7907324364723468,,,
436,9318784,13952,0.03475032684518505,0.0,0.7895392278953923,,,
437,9333920,13984,0.054587520612149464,0.03125,0.8031609195402298,,,
438,9352384,14016,0.036255384299920514,0.03125,0.7741312741312741,,,
439,9365728,14048,0.048189994245781555,0.0,0.8272425249169435,,,
440,9375744,14080,0.07272623937519748,0.0,0.7693631669535284,,,
441,9397536,14112,0.03844331965791629,0.0,0.797768479776848,0.10175840882229163,0.0,0.7291666666666666
442,9413440,14144,0.052588325854132104,0.0,0.7961309523809523,,,
443,9431904,14176,0.04235022311862327,0.0,0.8040123456790124,,,
444,9444992,14208,0.05099342636909254,0.0,0.7858407079646018,,,
445,9456032,14240,0.056515466496912116,0.03125,0.8160919540229885,,,
446,9503168,14272,0.02016601494970135,0.0,0.7628607277289837,,,
447,9519840,14304,0.0369004911731939,0.0,0.8134206219312602,,,
448,9575424,14336,0.020312314771572224,0.03125,0.7112135176651305,,,
449,9598496,14368,0.037963966396780194,0.0,0.7540453074433657,0.033387648784017725,0.0,0.7214170692431562
450,9610816,14400,0.06732754745931234,0.0,0.7675840978593272,,,
451,9633376,14432,0.03573613498010476,0.0,0.7972768532526475,,,
452,9661824,14464,0.03771960410587083,0.0,0.7598566308243727,,,
453,9685408,14496,0.030678988915336537,0.03125,0.8246376811594203,,,
454,9720768,14528,0.026050685140108804,0.0,0.7662538699690402,,,
455,9752032,14560,0.021528412934195364,0.03125,0.821939586645469,,,
456,9766144,14592,0.05673609942071103,0.0,0.7944078947368421,,,
457,9791520,14624,0.04240384881626647,0.03125,0.7272727272727273,0.06697222529232852,0.0,0.7145187601957586
458,9806144,14656,0.045276697068574234,0.0,0.7937384898710865,,,
459,9819232,14688,0.05222724809094892,0.0,0.79073756432247,,,
460,9828736,14720,0.09436876992754319,0.0,0.7444933920704846,,,
461,9847968,14752,0.040200859362010115,0.0,0.8048090523338048,,,
462,9864128,14784,0.06700793907847713,0.0,0.760778859527121,,,
463,9880800,14816,0.050578702931939334,0.0,0.8128415300546448,,,
464,9916672,14848,0.028324303188961585,0.0,0.785234899328859,,,
465,9961504,14880,0.015384033575291419,0.03125,0.8130217028380634,0.028572467317732653,0.0,0.7014341590612777
466,9975616,14912,0.07091247395297003,0.03125,0.7685185185185185,,,
467,9988192,14944,0.056212428384159366,0.0,0.8085443037974683,,,
468,10002816,14976,0.04909157324955346,0.0,0.8082408874801902,,,
469,10012064,15008,0.09274425805487886,0.0,0.7296819787985865,,,
470,10037440,15040,0.047457900214309456,0.0,0.730817610062893,,,
471,10049248,15072,0.06682872440712652,0.0625,0.7651122625215889,,,
472,10066432,15104,0.055159352561870656,0.03125,0.7726618705035971,,,
473,10075424,15136,0.09250842605411591,0.0,0.761437908496732,0.03501233206137021,0.0,0.7621951219512195
474,10134592,15168,0.013424397657110778,0.03125,0.7801801801801802,,,
475,10147168,15200,0.05619128135544686,0.03125,0.8135593220338984,,,
476,10161792,15232,0.053944430295716786,0.03125,0.7683109118086696,,,
477,10177440,15264,0.043281437668933685,0.03125,0.8343465045592705,,,
478,10190528,15296,0.057344463113372296,0.0,0.8126934984520123,,,
479,10213344,15328,0.04343314795082048,0.0,0.7455621301775148,,,
480,10224384,15360,0.08384932499820454,0.0,0.7183600713012478,,,
481,10234912,15392,0.08074386456563389,0.03125,0.797317436661699,0.04639400933646957,0.0,0.7684931506849315
482,10254912,15424,0.043402106919272286,0.03125,0.7961956521739131,,,
483,10276192,15456,0.046421384096552235,0.0,0.7452471482889734,,,
484,10300544,15488,0.03535443170966297,0.0,0.78419452887538,,,
485,10318752,15520,0.04332881122519512,0.0,0.7836990595611285,,,
486,10332352,15552,0.05797275596868693,0.0,0.7692307692307693,,,
487,10367968,15584,0.02389749763301125,0.0,0.7625786163522013,,,
488,10384384,15616,0.0582431744209824,0.0,0.750392464678179,,,
489,10398752,15648,0.05428798518990076,0.0,0.7931547619047619,0.08489575456329147,0.0,0.6860670194003528
490,10414400,15680,0.05150127819040762,0.03125,0.7692307692307693,,,
491,10423904,15712,0.07265488532261816,0.0,0.8137829912023461,,,
492,10453120,15744,0.030311576753757025,0.0,0.7658227848101266,,,
493,10506400,15776,0.017918051576060207,0.03125,0.7633053221288515,,,
494,10520256,15808,0.06299791559394079,0.0,0.7761194029850746,,,
495,10534112,15840,0.051519233926200246,0.0,0.7890625,,,
496,10550784,15872,0.05043450407849901,0.03125,0.8020833333333334,,,
497,10571552,15904,0.030363555315717085,0.0,0.8295625942684767,0.05593288410016801,0.0,0.7057761732851986
498,10588480,15936,0.040941333546816,0.03125,0.8199052132701422,,,
499,10630240,15968,0.018041922972633812,0.03125,0.7949579831932773,,,
500,10641024,16000,0.06840576968692126,0.03125,0.7762711864406779,,,
501,10659232,16032,0.04007641601077451,0.0,0.8169440242057489,,,
502,10671296,16064,0.06638332692285573,0.0,0.7911111111111111,,,
503,10703584,16096,0.02348097273544364,0.0,0.7450980392156863,,,
504,10717184,16128,0.05590056888351728,0.0,0.8184523809523809,,,
505,10734112,16160,0.0402673310910804,0.03125,0.7849829351535836,0.04621536215641936,0.0,0.7412199630314233
506,10748480,16192,0.038977324097583844,0.0,0.8693759071117562,,,
507,10784608,16224,0.0198652126351009,0.0,0.8030560271646859,,,
508,10841216,16256,0.010924350101151961,0.0625,0.8528995756718529,,,
509,10864544,16288,0.031486593551522744,0.0,0.8203957382039574,,,
510,10880448,16320,0.058687996667494365,0.0,0.7445378151260504,,,
511,10902496,16352,0.03653367042749993,0.03125,0.7603053435114504,,,
512,10917632,16384,0.04076288770400768,0.0,0.8640522875816994,,,
513,10974752,16416,0.017502362833648154,0.0,0.7785613540197461,0.06673935038833406,0.03125,0.8274044795783926
514,11028032,16448,0.017343387356174893,0.0,0.7224080267558528,,,
515,11047008,16480,0.04208330964003754,0.0,0.794162826420891,,,
516,11057792,16512,0.053753925791773106,0.0,0.8482003129890454,,,
517,11075232,16544,0.04861833384983229,0.0,0.765079365079365,,,
518,11133632,16576,0.01587520557826277,0.03125,0.7970297029702971,,,
519,11148256,16608,0.0501676051504463,0.03125,0.785831960461285,,,
520,11180032,16640,0.028141751868783003,0.0,0.7536466774716369,,,
521,11194912,16672,0.05504337279817339,0.03125,0.767479674796748,0.036521073014754525,0.03125,0.7922705314009661
522,11204672,16704,0.07780595427776178,0.0,0.7745762711864407,,,
523,11218272,16736,0.05128985634431827,0.0,0.8258164852255054,,,
524,11260032,16768,0.015395489354795656,0.0,0.8527027027027027,,,
525,11271840,16800,0.059105704874641306,0.0,0.8458390177353342,,,
526,11295168,16832,0.030516566794497484,0.0,0.8035426731078905,,,
527,11324384,16864,0.03280287369348394,0.0,0.6713780918727915,,,
528,11337728,16896,0.0768101288547668,0.03125,0.6829268292682927,,,
529,11353376,16928,0.04997326419180242,0.0,0.8006279434850864,0.06704585917106547,0.0,0.7504725897920604
530,11366464,16960,0.062368466338632,0.03125,0.7815384615384615,,,
531,11390560,16992,0.03394189792232343,0.0,0.805668016194332,,,
532,11413120,17024,0.03949286869516141,0.0,0.7417218543046358,,,
533,11447456,17056,0.02426403004747395,0.0,0.7606382978723404,,,
534,11467456,17088,0.03046061062402738,0.03125,0.8295081967213115,,,
535,11497440,17120,0.02345864978591641,0.0,0.832409972299169,,,
536,11511296,17152,0.05231035520741289,0.0,0.8,,,
537,11540256,17184,0.03158386119609756,0.0,0.763768115942029,0.08111232105709021,0.0,0.7051482059282371
538,11558464,17216,0.037084457114445274,0.0,0.789198606271777,,,
539,11571552,17248,0.06145049307710331,0.0,0.7719869706840391,,,
540,11595136,17280,0.038626923733714194,0.03125,0.7727272727272727,,,
541,11613088,17312,0.036121008886582276,0.0,0.8156028368794326,,,
542,11632576,17344,0.045841329382846886,0.0,0.7601957585644372,,,
543,11643616,17376,0.0802472716250941,0.0,0.7667140825035562,,,
544,11657472,17408,0.05992251543864072,0.0,0.819538670284939,,,
545,11670048,17440,0.034554820489760864,0.03125,0.8921713441654358,0.034811772203189414,0.0,0.7965517241379311
546,11711808,17472,0.0166210565298413,0.03125,0.8223418573351279,,,
547,11721824,17504,0.05944762698117001,0.0,0.8186619718309859,,,
548,11731584,17536,0.06632304554412144,0.03125,0.8330733229329174,,,
549,11753120,17568,0.03252129825351776,0.03125,0.8377125193199382,,,
550,11768000,17600,0.03703292535338467,0.0,0.8591117917304747,,,
551,11785184,17632,0.037350437333549535,0.03125,0.8331015299026425,,,
552,11806976,17664,0.02872532724768935,0.03125,0.8340740740740741,,,
553,11828000,17696,0.02512744920793145,0.09375,0.8368421052631579,0.09395348273778394,0.0,0.6768402154398564
554,11847232,17728,0.03209739456869832,0.0,0.8522099447513812,,,
555,11874656,17760,0.025279805296825417,0.0625,0.8144499178981938,,,
556,11923072,17792,0.013860279863049638,0.0625,0.8189806678383128,,,
557,11943072,17824,0.028570451254431813,0.03125,0.8969194312796208,,,
558,11961280,17856,0.030920871965956116,0.0,0.8413461538461539,,,
559,11974368,17888,0.047333088900323166,0.0,0.875,,,
560,11983616,17920,0.058346878291103806,0.0,0.8524871355060034,,,
561,11994912,17952,0.0493942571695885,0.0625,0.8494271685761048,0.07004983280071157,0.03125,0.7565104166666666
562,12039488,17984,0.01283786868667301,0.0625,0.850381679389313,,,
563,12058976,18016,0.030089480461576088,0.03125,0.8549618320610687,,,
564,12082048,18048,0.0330726448548212,0.03125,0.8179310344827586,,,
565,12095904,18080,0.04025589093444806,0.0,0.8500851788756388,,,
566,12116672,18112,0.028612387147387265,0.0,0.8015414258188824,,,
567,12130784,18144,0.046349339108273664,0.03125,0.8181818181818182,,,
568,12172800,18176,0.016734807917116488,0.0,0.7858347386172007,,,
569,12196384,18208,0.02441109006407808,0.0,0.8333333333333334,0.06671159827197919,0.0,0.6863013698630137
570,12210752,18240,0.0452628106027318,0.0625,0.8155339805825242,,,
571,12226656,18272,0.036747139814463356,0.0,0.858806404657933,,,
572,12247168,18304,0.03722823065544447,0.0,0.7895500725689405,,,
573,12257184,18336,0.05418149045738373,0.03125,0.8423817863397548,,,
574,12273600,18368,0.030765411990576117,0.03125,0.8422876949740035,,,
575,12284384,18400,0.0555802328035773,0.03125,0.8489736070381232,,,
576,12302336,18432,0.03195840698604804,0.03125,0.8675034867503487,,,
577,12323360,18464,0.02886305248236978,0.03125,0.8374125874125874,0.037614418920882374,0.03125,0.7200598802395209
578,12333376,18496,0.05314669797640262,0.0625,0.822463768115942,,,
579,12363872,18528,0.021791516435889027,0.0,0.8163265306122449,,,
580,12392320,18560,0.022991334760090108,0.0,0.8549511854951185,,,
581,12404640,18592,0.054991071170710705,0.0,0.8258706467661692,,,
582,12431552,18624,0.02366918093121932,0.0,0.8322981366459627,,,
583,12451552,18656,0.038797139185018925,0.0625,0.8274509803921568,,,
584,12472064,18688,0.031476723079524475,0.03125,0.8468965517241379,,,
585,12495136,18720,0.02327988081414565,0.03125,0.8384879725085911,0.03887708560888588,0.0,0.7294469357249627
586,12528448,18752,0.016972142965412405,0.0,0.8837837837837837,,,
587,12553824,18784,0.02770126217577506,0.03125,0.8235294117647058,,,
588,12565376,18816,0.04409891496653243,0.0625,0.8980978260869565,,,
589,12619168,18848,0.011910014623827707,0.03125,0.7984189723320159,,,
590,12640192,18880,0.027268827384616348,0.09375,0.8472668810289389,,,
591,12653792,18912,0.04732368777196831,0.0625,0.8392282958199357,,,
592,12675328,18944,0.035740567273096484,0.0,0.8034934497816594,,,
593,12690720,18976,0.035032385839480006,0.03125,0.864516129032258,0.024267308807258404,0.0,0.759493670886076
594,12703296,19008,0.03870426834370758,0.0,0.8773291925465838,,,
595,12753248,19040,0.013576227654901024,0.03125,0.851373182552504,,,
596,12772480,19072,0.03819164703892707,0.03125,0.7938311688311688,,,
597,12788128,19104,0.036333719744674406,0.03125,0.8409090909090909,,,
598,12809664,19136,0.02317494301298263,0.0,0.8700854700854701,,,
599,12831456,19168,0.030510628167434144,0.0,0.8373071528751753,,,
600,12852480,19200,0.03135094047750383,0.0625,0.8403614457831325,,,
601,12887072,19232,0.02023024031706882,0.03125,0.8166409861325116,0.08631184050670028,0.0,0.669054441260745
602,12910400,19264,0.022671357600476682,0.0,0.8731563421828908,,,
603,12931424,19296,0.03040876298180082,0.03125,0.8288431061806656,,,
604,12941440,19328,0.05914970822593642,0.0,0.850609756097561,,,
605,12951968,19360,0.05725749242366529,0.0625,0.8356401384083045,,,
606,12968128,19392,0.03313242697327254,0.0,0.8703956343792633,,,
607,12985824,19424,0.036087003764068516,0.0,0.8713105076741441,,,
608,13025536,19456,0.015430823977032392,0.03125,0.8680904522613065,,,
609,13054752,19488,0.02361680414619812,0.03125,0.8417462482946794,0.07777414202711433,0.0,0.7281021897810219
610,13069888,19520,0.0356780926854609,0.0,0.8562300319488818,,,
611,13082720,19552,0.05011345413786825,0.0,0.8320610687022901,,,
612,13092736,19584,0.05258032246935871,0.03125,0.8445945945945946,,,
613,13107616,19616,0.041636059404608655,0.0,0.815929203539823,,,
614,13121728,19648,0.04186292924975448,0.03125,0.8442622950819673,,,
615,13136096,19680,0.03936023404011541,0.03125,0.8725038402457758,,,
616,13162240,19712,0.02251011510981593,0.0,0.8330464716006885,,,
617,13176096,19744,0.03878192958505486,0.03125,0.8748180494905385,0.05785144069918593,0.0,0.6942148760330579
618,13188928,19776,0.04539988042564034,0.0,0.8396825396825397,,,
619,13201504,19808,0.04866043921851925,0.03125,0.825,,,
620,13216384,19840,0.04977066516733916,0.0,0.8355437665782494,,,
621,13248160,19872,0.022667359411415025,0.0,0.8200636942675159,,,
622,13268928,19904,0.026218271944666697,0.03125,0.8568935427574171,,,
623,13283296,19936,0.0373024622522643,0.03125,0.8681818181818182,,,
624,13296896,19968,0.04253979137613842,0.125,0.8495867768595041,,,
625,13330976,20000,0.02249392625517483,0.0,0.8245125348189415,0.053749204468138745,0.0,0.7636363636363637
626,13342784,20032,0.05485729863923305,0.03125,0.8125,,,
627,13359712,20064,0.03947456702477607,0.0,0.8294573643410853,,,
628,13375360,20096,0.038749013147183285,0.03125,0.8440779610194903,,,
629,13401248,20128,0.026152923474157267,0.0,0.8459214501510574,,,
630,13434048,20160,0.026688031714677436,0.0,0.7696879643387816,,,
631,13448672,20192,0.043970870592561176,0.03125,0.8384879725085911,,,
632,13465856,20224,0.034078438563033844,0.0,0.8463949843260188,,,
633,13474592,20256,0.06367262097375266,0.0625,0.8655834564254062,0.09257603214520341,0.0,0.7651006711409396
634,13490752,20288,0.03564848388995555,0.0,0.8577981651376146,,,
635,13535584,20320,0.017508077373232032,0.03125,0.7888707037643208,,,
636,13548160,20352,0.048750942373835246,0.15625,0.8062622309197651,,,
637,13563296,20384,0.03553362886739793,0.0,0.8688046647230321,,,
638,13582272,20416,0.028751105232944253,0.0625,0.8524590163934426,,,
639,13608160,20448,0.019093227170808212,0.03125,0.860062893081761,,,
640,13630208,20480,0.02289848510843409,0.03125,0.8611111111111112,,,
641,13659936,20512,0.022978756803201418,0.0,0.8338068181818182,0.06693508137566634,0.03125,0.6982343499197432
642,13686336,20544,0.02562344782716084,0.0,0.8417799752781211,,,
643,13701728,20576,0.04126702371902564,0.03125,0.8353115727002968,,,
644,13741696,20608,0.016957464555899995,0.0,0.8122977346278317,,,
645,13776800,20640,0.014551299452869966,0.03125,0.8719211822660099,,,
646,13790656,20672,0.043188287944149244,0.0625,0.859697386519945,,,
647,13812192,20704,0.027815496859991636,0.03125,0.8283132530120482,,,
648,13837312,20736,0.022934039778989983,0.0,0.8368055555555556,,,
649,13852448,20768,0.03682026636017662,0.03125,0.855973813420622,0.042393208860539766,0.03125,0.7760736196319018
650,13873728,20800,0.026951692293306767,0.03125,0.8739393939393939,,,
651,13883488,20832,0.06628386637766019,0.0,0.8229342327150084,,,
652,13900416,20864,0.037162878180101784,0.03125,0.8363939899833055,,,
653,13918368,20896,0.029098163643324782,0.0,0.8204158790170132,,,
654,13936064,20928,0.029072349013522486,0.125,0.8696369636963697,,,
655,13949664,20960,0.04120598126016455,0.0,0.8597662771285476,,,
656,13971968,20992,0.02161233650390574,0.0,0.8940217391304348,,,
657,13992224,21024,0.029947567076051215,0.03125,0.8180242634315424,0.0430831964057744,0.0,0.7630662020905923
658,14003520,21056,0.051693711785788826,0.03125,0.8127208480565371,,,
659,14016096,21088,0.03936599045727878,0.0,0.8692307692307693,,,
660,14053248,21120,0.012285982807356474,0.09375,0.91701244813278,,,
661,14065568,21152,0.03914332908870011,0.0,0.9013698630136986,,,
662,14118848,21184,0.0102333463426084,0.03125,0.8622366288492707,,,
663,14139872,21216,0.033016382890472686,0.0,0.7791095890410958,,,
664,14150656,21248,0.04526811963227069,0.0625,0.8697068403908795,,,
665,14159392,21280,0.057085027085520205,0.0,0.8615635179153095,0.03410257083051163,0.0,0.738562091503268
666,14187584,21312,0.023787082592928204,0.0625,0.8509316770186336,,,
667,14197856,21344,0.06964390308453886,0.0,0.8459563543003851,,,
668,14218112,21376,0.035414878674497524,0.0625,0.8251001335113485,,,
669,14238112,21408,0.0271547493731024,0.0,0.8790322580645161,,,
670,14255040,21440,0.03726020969200291,0.0625,0.8172413793103448,,,
671,14269664,21472,0.03811995399716851,0.0,0.8462809917355372,,,
672,14306816,21504,0.018908880251404907,0.0,0.8256172839506173,,,
673,14320416,21536,0.037988714360367305,0.03125,0.8683385579937304,0.04832088999998256,0.0625,0.745697896749522
674,14330688,21568,0.06140465885977904,0.03125,0.8282674772036475,,,
675,14343008,21600,0.03966360867994797,0.0,0.8615916955017301,,,
676,14375296,21632,0.02076658903247535,0.0,0.8314424635332253,,,
677,14399136,21664,0.02364337476493828,0.0625,0.8414414414414414,,,
678,14411200,21696,0.045199656407720445,0.0,0.8412162162162162,,,
679,14424032,21728,0.038934667301173134,0.03125,0.871499176276771,,,
680,14451456,21760,0.02810381363484044,0.03125,0.8029490616621984,,,
681,14470432,21792,0.025986586113245332,0.0,0.8652037617554859,0.07632452100720015,0.0,0.7899628252788105
682,14510144,21824,0.01461746925935389,0.0,0.8280701754385965,,,
683,14555744,21856,0.014330016839225386,0.0,0.815,,,
684,14591872,21888,0.020919577042844792,0.0,0.8033033033033034,,,
685,14607008,21920,0.039326439497730604,0.0,0.8302521008403362,,,
686,14621888,21952,0.04534639425037025,0.0,0.8490284005979073,,,
687,14633184,21984,0.05143572535899941,0.0,0.8330605564648118,,,
688,14647552,22016,0.038153650670593675,0.03125,0.8544303797468354,,,
689,14666016,22048,0.035762684716805604,0.0,0.8359712230215828,0.04499660284241758,0.0,0.7297297297297297
690,14684224,22080,0.026914618500536325,0.0,0.8682539682539683,,,
691,14740064,22112,0.009549928599980979,0.0625,0.8876117496807152,,,
692,14764160,22144,0.02733768274089911,0.0,0.8227665706051873,,,
693,14797728,22176,0.01800104992250535,0.0,0.8328173374613003,,,
694,14818496,22208,0.025218403241592247,0.03125,0.8819538670284939,,,
695,14833120,22240,0.0381345733445036,0.0,0.8175438596491228,,,
696,14850048,22272,0.03408437403944273,0.03125,0.8419405320813772,,,
697,14865952,22304,0.04211895205148682,0.0,0.8257328990228013,0.05769656200632559,0.0,0.782051282051282
698,14876992,22336,0.06326232270147676,0.0,0.820919175911252,,,
699,14890080,22368,0.043132810580371536,0.0,0.8549382716049383,,,
700,14941056,22400,0.014875410070681452,0.03125,0.8059701492537313,,,
701,14955168,22432,0.04521257174939495,0.0,0.8417366946778712,,,
702,14971072,22464,0.034898667877585436,0.0625,0.8345195729537367,,,
703,14996192,22496,0.025194266045661218,0.0,0.8362831858407079,,,
704,15007488,22528,0.05415526619901461,0.0,0.8403755868544601,,,
705,15027744,22560,0.02900066450609104,0.0,0.8341708542713567,0.04706253334006648,0.03125,0.8250825082508251
706,15038016,22592,0.05560701575513112,0.0625,0.8300884955752212,,,
707,15053152,22624,0.035604793937652514,0.0,0.8518518518518519,,,
708,15073408,22656,0.026275909663469696,0.03125,0.8390804597701149,,,
709,15095456,22688,0.02271207732508976,0.03125,0.8436974789915966,,,
710,15105728,22720,0.06765050376978723,0.0625,0.8213740458015267,,,
711,15119840,22752,0.042165330782644325,0.03125,0.8649921507064364,,,
712,15137792,22784,0.02750901366823086,0.03125,0.8455882352941176,,,
713,15154208,22816,0.03194001933725972,0.0,0.8564516129032258,0.08854160337894129,0.0,0.6720085470085471
714,15163968,22848,0.053209205637676504,0.03125,0.8517887563884157,,,
715,15184480,22880,0.02571179631097713,0.0625,0.8537414965986394,,,
716,15201152,22912,0.0337064493246438,0.03125,0.8158379373848987,,,
717,15245472,22944,0.013512785806545125,0.03125,0.8333333333333334,,,
718,15259584,22976,0.035672144013265725,0.0,0.8492462311557789,,,
719,15269856,23008,0.08002605619249967,0.03125,0.8317073170731707,,,
720,15283968,23040,0.03604082187301499,0.09375,0.892128279883382,,,
721,15298848,23072,0.032095882790943164,0.03125,0.8805513016845329,0.03147112913215237,0.0,0.695078031212485
722,15309888,23104,0.04665110179198651,0.03125,0.8760469011725294,,,
723,15323744,23136,0.034071734432794466,0.03125,0.865414710485133,,,
724,15338112,23168,0.03539096817529534,0.03125,0.8614718614718615,,,
725,15348128,23200,0.06797987036084847,0.03125,0.7986906710310966,,,
726,15369408,23232,0.028336183482690774,0.0,0.8401826484018264,,,
727,15382752,23264,0.055924672470830834,0.03125,0.789983844911147,,,
728,15411200,23296,0.01956457189507678,0.0,0.8646288209606987,,,
729,15425824,23328,0.03504369018373737,0.09375,0.8593481989708405,0.07009509479467016,0.0,0.751453488372093
730,15445312,23360,0.0378806300311327,0.03125,0.8151260504201681,,,
731,15480672,23392,0.022836425140078616,0.03125,0.7967032967032966,,,
732,15494528,23424,0.03581696801677658,0.03125,0.8563829787234043,,,
733,15536288,23456,0.019233594159266378,0.0,0.8226018396846255,,,
734,15569088,23488,0.017875408510466796,0.03125,0.829225352112676,,,
735,15592928,23520,0.026069239693502905,0.0,0.8349056603773585,,,
736,15641856,23552,0.010216222962946865,0.0,0.8584558823529411,,,
737,15659040,23584,0.0343871959227329,0.03125,0.8426791277258567,0.03608690070011388,0.03125,0.7623906705539358
738,15689024,23616,0.026596194782691544,0.03125,0.8153034300791556,,,
739,15724640,23648,0.018746544096073486,0.0,0.8177570093457944,,,
740,15742848,23680,0.031881552333296904,0.0,0.862937062937063,,,
741,15758752,23712,0.033472848782346444,0.0625,0.8621848739495799,,,
742,15781568,23744,0.02382846468153359,0.09375,0.8830242510699001,,,
743,15820512,23776,0.018259559816577727,0.0,0.81,,,
744,15848192,23808,0.016890745961152597,0.0,0.8853868194842407,,,
745,15882784,23840,0.018164341131554,0.0,0.8623978201634878,0.032631019221201915,0.0,0.7214397496087637
746,15901248,23872,0.03404672577131598,0.0,0.8233333333333334,,,
747,15912800,23904,0.04882990692628388,0.0625,0.8409448818897638,,,
748,15928192,23936,0.034044611417732386,0.0,0.875,,,
749,15942816,23968,0.04602770711058873,0.0,0.8239316239316239,,,
750,15964096,24000,0.019914665790479992,0.03125,0.9037593984962407,,,
751,15981280,24032,0.03086064546604674,0.03125,0.8644578313253012,,,
752,15994112,24064,0.05008466932319275,0.03125,0.7972972972972973,,,
753,16019744,24096,0.02214906074217607,0.03125,0.8929845422116528,0.0500857342001556,0.0,0.757328990228013
754,16038976,24128,0.025523817923464923,0.0625,0.8843338213762811,,,
755,16067936,24160,0.018269459644723266,0.0,0.8695652173913043,,,
756,16090496,24192,0.02385621912459573,0.03125,0.8743315508021391,,,
757,16105120,24224,0.029960949898088365,0.0,0.8767605633802817,,,
758,16137152,24256,0.0159163485239445,0.0,0.8643533123028391,,,
759,16178912,24288,0.01386452767804325,0.03125,0.8518518518518519,,,
760,16196864,24320,0.03056132205517997,0.0625,0.854632587859425,,,
761,16215328,24352,0.03678205339118729,0.03125,0.8221528861154446,0.0236177044122787,0.0,0.7353342428376535
762,16233280,24384,0.032619445898189804,0.03125,0.8509984639016898,,,
763,16251744,24416,0.024844897692336127,0.0,0.8641765704584041,,,
764,16268672,24448,0.036025329839743325,0.03125,0.8370253164556962,,,
765,16283296,24480,0.031168650268529653,0.03125,0.8807471264367817,,,
766,16318144,24512,0.01396938782251934,0.03125,0.8812415654520918,,,
767,16337888,24544,0.028317804398089473,0.0,0.8471337579617835,,,
768,16347392,24576,0.0618307130094719,0.0,0.827922077922078,,,
769,16364576,24608,0.032015293512924155,0.0625,0.846286701208981,0.05332832855012396,0.0,0.733652312599681
770,16378944,24640,0.03617366537996088,0.09375,0.8564356435643564,,,
771,16430176,24672,0.010014151920868661,0.0,0.8683788121990369,,,
772,16454528,24704,0.020692442169256905,0.0,0.9002525252525253,,,
773,16470688,24736,0.03683012750886725,0.03125,0.850381679389313,,,
774,16487616,24768,0.024179297960270775,0.0625,0.9097127222982216,,,
775,16500192,24800,0.0473461677899198,0.0,0.8396094839609484,,,
776,16516352,24832,0.0356483531293842,0.0,0.8346839546191248,,,
777,16540448,24864,0.025456131888654983,0.0,0.8113553113553114,0.037576628486010816,0.0,0.7578008915304606
778,16558144,24896,0.035039981550524193,0.03125,0.854251012145749,,,
779,16574560,24928,0.030223029003955543,0.03125,0.8475499092558983,,,
780,16584320,24960,0.05879106566593704,0.0,0.8333333333333334,,,
781,16618400,24992,0.013312493128711867,0.0625,0.8769230769230769,,,
782,16641472,25024,0.03086030631929458,0.0,0.8483080513418904,,,
783,16657888,25056,0.03889585087343189,0.03125,0.8328571428571429,,,
784,16672512,25088,0.0341326892480456,0.0,0.862012987012987,,,
785,16685600,25120,0.039175697533358464,0.0625,0.8414179104477612,0.09893599358691897,0.0,0.6756756756756757
786,16706112,25152,0.029561455844894093,0.0,0.8289902280130294,,,
787,16722272,25184,0.04489694753983964,0.0,0.8084179970972424,,,
788,16737152,25216,0.03408469537503444,0.0625,0.8878923766816144,,,
789,16759968,25248,0.02855518161625335,0.0,0.83003300330033,,,
790,16793792,25280,0.01790242096948572,0.0,0.8556149732620321,,,
791,16810976,25312,0.037075385353289705,0.03125,0.8550531914893617,,,
792,16828416,25344,0.024574821987724132,0.0,0.887987012987013,,,
793,16843552,25376,0.036349609764651784,0.03125,0.8424543946932007,0.032752751638425726,0.0,0.7231329690346083
794,16879936,25408,0.015537093822464388,0.0,0.8563758389261745,,,
795,16905568,25440,0.030910926614533447,0.0,0.7752293577981652,,,
796,16963968,25472,0.013192924459388945,0.0,0.8014814814814815,,,
797,16976800,25504,0.038744695625961126,0.03125,0.8894952251023193,,,
798,17000896,25536,0.024177009903152427,0.03125,0.8306595365418895,,,
799,17018080,25568,0.028986636014855,0.03125,0.8813813813813813,,,
800,17067520,25600,0.009508823242694793,0.03125,0.8932926829268293,,,
801,17093408,25632,0.024445957732439193,0.03125,0.8215547703180212,0.07326485394313274,0.03125,0.7648
802,17123392,25664,0.02207663476675039,0.03125,0.8079847908745247,,,
803,17151584,25696,0.019271029854179337,0.0,0.8342342342342343,,,
804,17169792,25728,0.032615798624800005,0.0,0.8344051446945338,,,
805,17197728,25760,0.0234952278430958,0.0,0.8262195121951219,,,
806,17217984,25792,0.0278074510392238,0.0,0.8573717948717948,,,
807,17236704,25824,0.04005852754037312,0.0,0.8134556574923547,,,
808,17258240,25856,0.02710640392889843,0.0,0.8554216867469879,,,
809,17274400,25888,0.036091100423019766,0.0,0.8615819209039548,0.051776823829763285,0.0,0.748159057437408
810,17284672,25920,0.06032221818499357,0.0625,0.8376534788540245,,,
811,17304672,25952,0.024875397686476442,0.0,0.8784530386740331,,,
812,17318016,25984,0.04629566514948154,0.0625,0.8589211618257261,,,
813,17360032,26016,0.01648013613106901,0.03125,0.8608923884514436,,,
814,17380288,26048,0.030514450209191822,0.0,0.8202054794520548,,,
815,17432800,26080,0.01182957322961523,0.09375,0.8135593220338984,,,
816,17458432,26112,0.022515508877716715,0.03125,0.8842874543239951,,,
817,17484064,26144,0.02130977148290682,0.0,0.8545994065281899,0.033418578565425364,0.0,0.8609022556390977
818,17509952,26176,0.025531764386472675,0.03125,0.8484419263456091,,,
819,17525088,26208,0.040166631312497064,0.03125,0.8315972222222222,,,
820,17561728,26240,0.01845427893480293,0.03125,0.842026825633383,,,
821,17578656,26272,0.03777331816695885,0.0,0.8591749644381224,,,
822,17595328,26304,0.035913647832569166,0.0,0.8405103668261563,,,
823,17623264,26336,0.026431468380569076,0.0,0.8028616852146264,,,
824,17643008,26368,0.029424284732816483,0.0625,0.8630952380952381,,,
825,17659168,26400,0.032297169892481326,0.0,0.8362369337979094,0.0543963833955138,0.0,0.757328990228013
826,17683520,26432,0.024591368970872583,0.03125,0.8394863563402889,,,
827,17707616,26464,0.022280693513058353,0.03125,0.8480392156862745,,,
828,17719936,26496,0.048319999794281615,0.0625,0.8464223385689355,,,
829,17733280,26528,0.040266381536096886,0.03125,0.8447653429602888,,,
830,17750720,26560,0.025730739318173317,0.0625,0.8813056379821959,,,
831,17802464,26592,0.011552545671815977,0.0,0.8397085610200364,,,
832,17861632,26624,0.007506681631533126,0.03125,0.8729096989966555,,,
833,17896992,26656,0.013506117403282898,0.03125,0.8885832187070152,0.026014009190643957,0.03125,0.7746967071057193
834,17910080,26688,0.040934105042178946,0.0,0.8504823151125402,,,
835,17927264,26720,0.033798523773644264,0.03125,0.8274111675126904,,,
836,17940096,26752,0.04042751466459573,0.03125,0.8500881834215167,,,
837,17952160,26784,0.06900353500580814,0.0,0.789544235924933,,,
838,17990336,26816,0.01513658020720509,0.0,0.8512,,,
839,18015200,26848,0.020933835378680765,0.0625,0.8711755233494364,,,
840,18025216,26880,0.06976876111067712,0.0,0.8370473537604457,,,
841,18053920,26912,0.017668709192008147,0.0,0.885145482388974,0.06047103241937643,0.0,0.8397328881469115
842,18067520,26944,0.03695825568491587,0.03125,0.8815384615384615,,,
843,18076768,26976,0.06270688788649115,0.09375,0.8371278458844134,,,
844,18087808,27008,0.04273536444700405,0.03125,0.8670886075949367,,,
845,18114720,27040,0.0240334910994829,0.0,0.8374455732946299,,,
846,18131392,27072,0.030098684838174003,0.03125,0.8608964451313755,,,
847,18156768,27104,0.023870361555907323,0.09375,0.8571428571428571,,,
848,18176512,27136,0.03343506663861062,0.0,0.839095744680851,,,
849,18190112,27168,0.03125891340421326,0.03125,0.9034749034749034,0.07687981528718481,0.0,0.8066759388038943
850,18202432,27200,0.05039810009128032,0.03125,0.8428571428571429,,,
851,18215264,27232,0.04733522726006689,0.03125,0.8573667711598746,,,
852,18228608,27264,0.044401113246643184,0.0,0.8414023372287145,,,
853,18258080,27296,0.015854931094629127,0.0625,0.8934659090909091,,,
854,18290112,27328,0.015589472453898754,0.03125,0.8730434782608696,,,
855,18309088,27360,0.028707568541128443,0.0625,0.8731563421828908,,,
856,18322432,27392,0.035149064370565655,0.125,0.8870967741935484,,,
857,18335520,27424,0.058393743788622034,0.03125,0.8164313222079589,0.05265995814635648,0.0,0.7217537942664418
858,18352448,27456,0.03352374201432462,0.0,0.8389694041867954,,,
859,18364512,27488,0.05342359981004746,0.0,0.8316690442225392,,,
860,18395776,27520,0.01780147279956812,0.0,0.8553259141494436,,,
861,18420640,27552,0.02122442034379317,0.0,0.8755426917510853,,,
862,18446016,27584,0.02143013237525933,0.0625,0.8717948717948718,,,
863,18463968,27616,0.03203975878570413,0.0,0.8371278458844134,,,
864,18477056,27648,0.05482765811284196,0.0,0.8486486486486486,,,
865,18490912,27680,0.03612608240811796,0.0,0.8534201954397395,0.13287557824521856,0.0,0.6985645933014354
866,18504256,27712,0.047978612930731905,0.125,0.8486171761280932,,,
867,18514016,27744,0.05916550819666024,0.03125,0.8615384615384616,,,
868,18534784,27776,0.023430453194518606,0.03125,0.8932178932178932,,,
869,18566048,27808,0.016848775654139437,0.03125,0.8713629402756509,,,
870,18574528,27840,0.08061521465682704,0.0,0.8,,,
871,18596576,27872,0.022913798993448732,0.03125,0.8932655654383735,,,
872,18611456,27904,0.03194731529510141,0.0625,0.8794212218649518,,,
873,18652448,27936,0.012184854371019252,0.0,0.877643504531722,0.07777562337111431,0.0,0.7372372372372372
874,18664512,27968,0.046716354269084666,0.03125,0.8454706927175843,,,
875,18678112,28000,0.035961581341382574,0.0,0.8709677419354839,,,
876,18695296,28032,0.027658068520700164,0.03125,0.8711864406779661,,,
877,18710944,28064,0.032072537913106505,0.03125,0.8940886699507389,,,
878,18719680,28096,0.05808860727295431,0.09375,0.8866141732283465,,,
879,18729440,28128,0.04253620494402159,0.0625,0.878682842287695,,,
880,18757120,28160,0.018215469389686174,0.03125,0.8741830065359477,,,
881,18792480,28192,0.01720421367453221,0.03125,0.8439490445859873,0.06347377526790968,0.0,0.7055837563451777
882,18805568,28224,0.036423591199757535,0.03125,0.8590225563909775,,,
883,18831968,28256,0.02174746014790516,0.03125,0.8654891304347826,,,
884,18850432,28288,0.03635261606322647,0.0,0.8528995756718529,,,
885,18866080,28320,0.03364702964517268,0.03125,0.8672566371681416,,,
886,18880448,28352,0.03436989521484484,0.0,0.8704,,,
887,18893792,28384,0.03744582376739679,0.0,0.8533568904593639,,,
888,18943744,28416,0.012464894291113388,0.03125,0.8405365126676602,,,
889,18965024,28448,0.03181218234475844,0.0,0.8562577447335812,0.07136128063652483,0.0,0.7615131578947368
890,18975808,28480,0.049041670157198944,0.0,0.8768545994065282,,,
891,19000672,28512,0.028817517140382887,0.0625,0.8281461434370772,,,
892,19015040,28544,0.03619922004488786,0.0625,0.8672985781990521,,,
893,19026336,28576,0.04551609245477168,0.0,0.861244019138756,,,
894,19043776,28608,0.0227012574266775,0.0,0.8969072164948454,,,
895,19083488,28640,0.011920145151139346,0.03125,0.9024707412223667,,,
896,19106048,28672,0.02405038622866844,0.0625,0.8518518518518519,,,
897,19119648,28704,0.036541678294205134,0.03125,0.8790849673202614,0.022213247648407503,0.0,0.7820267686424475
898,19132992,28736,0.045797196975643155,0.0,0.8853658536585366,,,
899,19147872,28768,0.043843105929306986,0.0625,0.8450502152080345,,,
900,19160192,28800,0.060343421387351305,0.0,0.810126582278481,,,
901,19178912,28832,0.038491289250845606,0.0625,0.8130311614730878,,,
902,19201472,28864,0.02038565388840488,0.0,0.8599640933572711,,,
903,19211488,28896,0.04876770609080645,0.03125,0.881619937694704,,,
904,19230720,28928,0.020511738215123327,0.03125,0.9120567375886525,,,
905,19253024,28960,0.022215855107442502,0.0,0.8868778280542986,0.08266515665503113,0.0,0.7744360902255639
906,19280960,28992,0.020242504122174394,0.0,0.8514376996805112,,,
907,19308640,29024,0.01961915088091937,0.0,0.8624595469255664,,,
908,19325824,29056,0.03671548849922581,0.0,0.8281505728314239,,,
909,19335840,29088,0.07032011132903775,0.0,0.8112903225806452,,,
910,19344576,29120,0.0729174342756864,0.0,0.832572298325723,,,
911,19366112,29152,0.018697025888814833,0.03125,0.901213171577123,,,
912,19392768,29184,0.017612354913851488,0.03125,0.8914373088685015,,,
913,19429408,29216,0.016498915678468506,0.03125,0.8657342657342657,0.028351365895244778,0.0,0.7661016949152543
914,19444032,29248,0.03858200158791761,0.0,0.863768115942029,,,
915,19463520,29280,0.04263861241953798,0.0,0.8275862068965517,,,
916,19479424,29312,0.03304190334011392,0.0,0.8900949796472184,,,
917,19510432,29344,0.014880786222983616,0.0625,0.8687782805429864,,,
918,19520192,29376,0.05989515969696374,0.03125,0.836038961038961,,,
919,19565536,29408,0.01619942212954742,0.0,0.8214716525934861,,,
920,19596032,29440,0.01676307804067773,0.03125,0.8663729809104258,,,
921,19610400,29472,0.0387915704139142,0.03125,0.852359208523592,0.0546526814634565,0.0,0.784452296819788
922,19646272,29504,0.017808860876659897,0.0625,0.8538647342995169,,,
923,19671904,29536,0.02187648523289577,0.0625,0.8267857142857142,,,
924,19687040,29568,0.026167189087110118,0.03125,0.8994082840236687,,,
925,19704480,29600,0.035470297236155524,0.03125,0.8187808896210873,,,
926,19752128,29632,0.011065069344076842,0.0,0.8722741433021807,,,
927,19772384,29664,0.030818699107483406,0.0625,0.8463855421686747,,,
928,19791104,29696,0.03079111416108005,0.03125,0.8544,,,
929,19808544,29728,0.027420646914380647,0.0,0.8633333333333333,0.03277053251400849,0.0,0.8196994991652755
930,19846464,29760,0.015164198659780219,0.09375,0.8686440677966102,,,
931,19861344,29792,0.0350177228881607,0.09375,0.8679549114331723,,,
932,19902592,29824,0.010348477871579402,0.0,0.8879159369527145,,,
933,19966112,29856,0.009449440632907993,0.03125,0.8528974739970282,,,
934,19995584,29888,0.020670622450232923,0.0,0.8660220994475138,,,
935,20005088,29920,0.05012308054694762,0.0,0.875,,,
936,20031232,29952,0.020403012705299952,0.0625,0.8859649122807017,,,
937,20057376,29984,0.015359193768647505,0.03125,0.8966101694915254,0.055686109686049735,0.0,0.7832764505119454
938,20088640,30016,0.015882181695598633,0.0,0.8861788617886179,,,
939,20108128,30048,0.02526198030073686,0.03125,0.8484848484848485,,,
940,20133248,30080,0.02272449192803402,0.0,0.8474074074074074,,,
941,20149152,30112,0.03289448335729891,0.0,0.8551483420593369,,,
942,20169152,30144,0.027060484204074264,0.0625,0.8592,,,
943,20191712,30176,0.02791320204397052,0.03125,0.8472012102874432,,,
944,20218368,30208,0.016081081917550484,0.0625,0.8998384491114702,,,
945,20230176,30240,0.04105904140179093,0.0625,0.8714733542319749,0.053933330720668235,0.03125,0.801178203240059
946,20247616,30272,0.026980850078362806,0.0625,0.8668941979522184,,,
947,20260960,30304,0.03472449666536227,0.0625,0.8853288364249579,,,
948,20276352,30336,0.03551077579509789,0.03125,0.869172932330827,,,
949,20322208,30368,0.010973362248889605,0.0,0.8692421991084696,,,
950,20382912,30400,0.008990711876512363,0.03125,0.8575712143928036,,,
951,20403936,30432,0.03000142396341908,0.03125,0.8250355618776671,,,
952,20439552,30464,0.0200892699476922,0.0,0.8328530259365994,,,
953,20450592,30496,0.04450792501371911,0.03125,0.846830985915493,0.044059429466702674,0.0,0.7155963302752294
954,20485952,30528,0.019241097908524667,0.0,0.838006230529595,,,
955,20503392,30560,0.028002435958143383,0.03125,0.8772504091653028,,,
956,20547200,30592,0.01195939054265089,0.0,0.8540925266903915,,,
957,20567712,30624,0.029781219102855767,0.0,0.8393135725429017,,,
958,20614848,30656,0.015255196344213998,0.03125,0.8221925133689839,,,
959,20639968,30688,0.020191092734365246,0.0,0.8725806451612903,,,
960,20669952,30720,0.015248588034305293,0.03125,0.8694096601073346,,,
961,20692256,30752,0.02954826691032742,0.0,0.8168316831683168,0.03235866221861105,0.0,0.8431703204047217
962,20705600,30784,0.03847979551921263,0.03125,0.8845029239766082,,,
963,20747360,30816,0.015477141633692224,0.03125,0.8121546961325967,,,
964,20757376,30848,0.053013185074148254,0.03125,0.8440065681444991,,,
965,20782240,30880,0.020955287963687924,0.09375,0.8823529411764706,,,
966,20800192,30912,0.030001967302018,0.09375,0.8447412353923205,,,
967,20841952,30944,0.010355485317184639,0.0,0.8863287250384024,,,
968,20856576,30976,0.03438369747856488,0.03125,0.8324125230202578,,,
969,20876832,31008,0.02353136466894239,0.0,0.8834080717488789,0.06563042104594857,0.03125,0.7958041958041958
970,20896064,31040,0.02339399004610582,0.0,0.8820754716981132,,,
971,20918624,31072,0.023312595861467375,0.0,0.8620102214650767,,,
972,20930432,31104,0.04859712133496122,0.09375,0.849624060150376,,,
973,20956064,31136,0.030924894883268984,0.0625,0.8025,,,
974,20977344,31168,0.033145114034109656,0.0,0.7942664418212478,,,
975,21001696,31200,0.028037994291054247,0.03125,0.8404726735598228,,,
976,21018624,31232,0.034306879595160225,0.0625,0.8538102643856921,,,
977,21055264,31264,0.014137242015001772,0.0,0.8752107925801011,0.0350924829121964,0.0,0.6571056062581486
978,21069888,31296,0.03181794501872296,0.03125,0.8897893030794165,,,
979,21080416,31328,0.04472793441688432,0.0625,0.8652482269503546,,,
980,21090432,31360,0.06619661275332597,0.0,0.8471428571428572,,,
981,21104032,31392,0.03879904621489304,0.0,0.8685376661742984,,,
982,21123520,31424,0.023069602621824142,0.0,0.8691437802907916,,,
983,21141472,31456,0.031875893192295154,0.03125,0.830155979202773,,,
984,21155584,31488,0.03323305630341152,0.0625,0.8949044585987261,,,
985,21165856,31520,0.06554481425856593,0.0625,0.8393574297188755,0.06546290007851101,0.0,0.7045123726346434
986,21222464,31552,0.009198781084784632,0.03125,0.8764044943820225,,,
987,21243488,31584,0.026273641966111982,0.03125,0.8426966292134831,,,
988,21263744,31616,0.029978043210158057,0.0,0.8502581755593803,,,
989,21287328,31648,0.022004468063255737,0.0,0.8546099290780141,,,
990,21304512,31680,0.026616080342620082,0.0625,0.8662790697674418,,,
991,21321184,31712,0.037563047127335554,0.0,0.8156424581005587,,,
992,21340160,31744,0.03245500445662474,0.0,0.8540772532188842,,,
993,21359136,31776,0.026741953347983974,0.0625,0.8952654232424677,0.06170568982810347,0.0,0.7539393939393939
994,21371456,31808,0.037307582939904424,0.03125,0.8880248833592534,,,
995,21383008,31840,0.04471282914539103,0.03125,0.8571428571428571,,,
996,21436288,31872,0.010806119720942094,0.0,0.8602941176470589,,,
997,21476768,31904,0.015697955797440846,0.03125,0.8273809523809523,,,
998,21500608,31936,0.02023465616553122,0.03125,0.8984575835475579,,,
999,21529056,31968,0.015047025886996393,0.0,0.8809869375907112,,,
1000,21540352,32000,0.04309438923498138,0.03125,0.8892128279883382,,,
1001,21559584,32032,0.028101657872625026,0.03125,0.8744038155802861,0.09005075411991993,0.0,0.6972222222222222
1002,21585984,32064,0.01783789988079747,0.0,0.8635578583765112,,,
1003,21601888,32096,0.03744812685394766,0.0,0.8235294117647058,,,
1004,21613184,32128,0.050509669535901164,0.03125,0.8436426116838488,,,
1005,21632928,32160,0.02788232327929836,0.0,0.8688811188811189,,,
1006,21660352,32192,0.014574434881984346,0.0625,0.8902027027027027,,,
1007,21682400,32224,0.022498065919538325,0.0,0.8885793871866295,,,
1008,21710592,32256,0.018055975157439445,0.0625,0.8566493955094991,,,
1009,21726240,32288,0.027429984881122443,0.0625,0.8862275449101796,0.05165897971191557,0.0,0.7322580645161291
1010,21736256,32320,0.04982056473404715,0.0,0.8706070287539937,,,
1011,21761632,32352,0.02267596098338071,0.03125,0.8502340093603744,,,
1012,21773184,32384,0.04342487423721727,0.03125,0.859271523178808,,,
1013,21786016,32416,0.03890075148118219,0.0625,0.8659127625201939,,,
1014,21811136,32448,0.03154855971367873,0.0,0.8132147395171537,,,
1015,21845472,32480,0.019168352951545353,0.0,0.8338150289017341,,,
1016,21875200,32512,0.01892317336789674,0.0,0.8557142857142858,,,
1017,21906464,32544,0.017202583680188656,0.03125,0.8724035608308606,0.08841610488434516,0.03125,0.8057324840764332
1018,21920320,32576,0.03025919802265861,0.0,0.8931297709923665,,,
1019,21948000,32608,0.02022091980107981,0.03125,0.8621236133122029,,,
1020,21970304,32640,0.02646932446302928,0.0,0.8547140649149922,,,
1021,21996960,32672,0.025181454207847155,0.0625,0.8244514106583072,,,
1022,22009280,32704,0.05342466194020316,0.0,0.814625850340136,,,
1023,22021600,32736,0.04610994779531811,0.03125,0.8413685847589425,,,
1024,22043904,32768,0.02867397167398373,0.0,0.8200636942675159,,,
1025,22077472,32800,0.023600790882978152,0.0,0.8197831978319783,0.03238555706182472,0.03125,0.753125
1026,22142272,32832,0.0078510758300976,0.0,0.8636363636363636,,,
1027,22155616,32864,0.04233180560708938,0.0,0.8791666666666667,,,
1028,22176640,32896,0.02781176685766897,0.0,0.8322884012539185,,,
1029,22197664,32928,0.02300896290307332,0.09375,0.9002463054187192,,,
1030,22216640,32960,0.03588695394326528,0.03125,0.8140845070422535,,,
1031,22240992,32992,0.02602075050759172,0.0,0.7863894139886578,,,
1032,22253824,33024,0.04491847190457909,0.0,0.8460176991150442,,,
1033,22268704,33056,0.03692867798315873,0.03125,0.8564885496183207,0.06526702397414766,0.03125,0.7576219512195121
1034,22286144,33088,0.029202047127215577,0.03125,0.8913963328631875,,,
1035,22325344,33120,0.01568908421633064,0.0,0.8725361366622865,,,
1036,22337408,33152,0.03501592966340307,0.0625,0.875,,,
1037,22357408,33184,0.02665122397317611,0.0,0.8431372549019608,,,
1038,22415296,33216,0.009734818057962386,0.03125,0.8617021276595744,,,
1039,22431712,33248,0.0334160365585626,0.03125,0.8700305810397554,,,
1040,22448640,33280,0.029844943859767322,0.0,0.8653530377668309,,,
1041,22461216,33312,0.03495342222025829,0.03125,0.9037037037037037,0.02374532709628857,0.0,0.7766323024054983
1042,22477632,33344,0.027952175665091804,0.0,0.8858858858858859,,,
1043,22493792,33376,0.023471631772656973,0.0,0.8940397350993378,,,
1044,22507904,33408,0.03782698350967831,0.0,0.8510971786833855,,,
1045,22519712,33440,0.05656342761502275,0.0,0.8350515463917526,,,
1046,22546112,33472,0.02113049777592611,0.0,0.8324958123953099,,,
1047,22581728,33504,0.01628324064589748,0.03125,0.8528951486697965,,,
1048,22600448,33536,0.024812876403479418,0.09375,0.88125,,,
1049,22610208,33568,0.06319261738600465,0.0,0.8043087971274686,0.03855171244857275,0.0,0.8104667609618105
1050,22622272,33600,0.0363632548081001,0.0,0.895364238410596,,,
1051,22634592,33632,0.04721308769944482,0.0625,0.8615591397849462,,,
1052,22644608,33664,0.04434160200923288,0.03125,0.8828382838283828,,,
1053,22657696,33696,0.038006933521199666,0.03125,0.8794642857142857,,,
1054,22678208,33728,0.025227438115270617,0.0625,0.8546099290780141,,,
1055,22695648,33760,0.03168565946476605,0.125,0.8537735849056604,,,
1056,22709760,33792,0.02943000163272291,0.03125,0.8840336134453781,,,
1057,22731808,33824,0.030710323874232667,0.0,0.863237139272271,0.06062076904360576,0.0,0.7846655791190864
1058,22788928,33856,0.012315865243600168,0.0,0.8621586475942783,,,
1059,22808416,33888,0.039040081649435086,0.0625,0.7984,,,
1060,22825088,33920,0.028656503369265694,0.03125,0.9022222222222223,,,
1061,22842784,33952,0.044296239060047767,0.0,0.8145985401459854,,,
1062,22850240,33984,0.07344621781333563,0.0625,0.8613707165109035,,,
1063,22866144,34016,0.03163438841190809,0.0,0.8747993579454254,,,
1064,22919424,34048,0.01201151202175122,0.0,0.8544973544973545,,,
1065,22929952,34080,0.060380900325646865,0.03125,0.8278145695364238,0.06813374195678147,0.0,0.7399165507649513
1066,22954560,34112,0.02092454737875443,0.03125,0.8690095846645367,,,
1067,22964064,34144,0.04641396273324975,0.0,0.8904538341158059,,,
1068,23005312,34176,0.01181022426863784,0.0,0.8815977175463623,,,
1069,23018656,34208,0.04167732061594253,0.0,0.8422876949740035,,,
1070,23037888,34240,0.02837112909252585,0.03125,0.8500772797527048,,,
1071,23070176,34272,0.019593621047730395,0.0,0.8660477453580901,,,
1072,23085568,34304,0.040773823537255935,0.09375,0.8567251461988304,,,
1073,23108896,34336,0.02825416830588363,0.0,0.8611859838274932,0.08313499650076052,0.0,0.75
1074,23126592,34368,0.03285403038183641,0.03125,0.8670605612998523,,,
1075,23147360,34400,0.04131877861420911,0.03125,0.78954802259887,,,
1076,23170944,34432,0.025831309420222125,0.03125,0.8627717391304348,,,
1077,23185824,34464,0.03585904814681971,0.03125,0.8649068322981367,,,
1078,23202240,34496,0.03219248542892758,0.03125,0.8469750889679716,,,
1079,23257824,34528,0.009888476257359587,0.0,0.8504201680672269,,,
1080,23269632,34560,0.046707128372424564,0.0625,0.8815028901734104,,,
1081,23296544,34592,0.017685441869864236,0.03125,0.9001367989056087,0.05135836776149278,0.0,0.8429003021148036
1082,23305280,34624,0.05697200238540452,0.03125,0.856418918918919,,,
1083,23322976,34656,0.027418384373666515,0.0,0.87,,,
1084,23338624,34688,0.03248841934915532,0.0,0.8530465949820788,,,
1085,23352224,34720,0.0382129314974377,0.0,0.8546875,,,
1086,23382976,34752,0.013746510893251247,0.03125,0.8910614525139665,,,
1087,23423968,34784,0.011490294360268568,0.03125,0.8606403013182674,,,
1088,23432704,34816,0.05765783007556563,0.03125,0.8625827814569537,,,

